run_id,timestamp,model,params,n_origins,horizon,parent,notes,vn1,wape,bias_pct,mae
3891f3c0fc,2026-08-28T20:49:34+00:00,moving_average,"{""window"": 13}",4,13,,13-week moving average,0.6080503340444312,0.539902680733888,-0.0681476533105432,9.315269774607035
13811e908e,2026-08-28T20:49:41+00:00,moving_average,"{""window"": 13, ""zero_dead_weeks"": 26}",4,13,,MA13 with dead-series zeroing (26w),0.6080503340444312,0.539902680733888,-0.0681476533105432,9.315269774607035
c87a16ebf7,2026-08-28T20:49:48+00:00,moving_average,"{""window"": 8}",4,13,,8-week moving average,0.5879627956769183,0.5485922410395986,-0.0393705546373197,9.465196050876646
2a69e4f986,2026-08-28T20:49:55+00:00,naive_last,{},4,13,,repeat last week,0.5830374386003312,0.5312560947996522,-0.0517813438006789,9.16608496134172
e663fe200e,2026-08-28T20:50:02+00:00,seasonal_naive,"{""season"": 52}",4,13,,52-week seasonal naive,1.0210873218837608,0.7649571288923233,-0.2561301929914376,13.198271236502816
09fdb04e06,2026-08-28T20:50:08+00:00,zero,{},4,13,,floor baseline,2.0,1.0,-1.0,17.253609042920143
7a52b16fe3,2026-08-28T21:16:20+00:00,segment_router,"{""default"": {""name"": ""naive_last""}, ""routes"": {""smooth"": {""name"": ""moving_average"", ""params"": {""window"": 13}}}}",4,13,,"Cycle 1A: smooth->MA13, else naive_last (memo 2026-08-28, predicted pooled ~0.545)",0.5852784623647996,0.5127421830814392,-0.0725362792833604,8.846653166700536
accafab14a,2026-08-28T21:16:27+00:00,seasonal_uplift_naive,"{""alpha"": 0.5, ""clip_low"": 0.5, ""clip_high"": 2.0}",4,13,,"Cycle 1C: naive re-anchored by damped client week-of-year uplift (predicted pooled 0.56-0.57, Oct-origin bias fix)",0.6955989145978801,0.5424626646844889,-0.1531362499133912,9.359438736846856
2c050a9d24,2026-08-28T21:30:09+00:00,bias_scaled,"{""base"": {""name"": ""segment_router"", ""params"": {""default"": {""name"": ""naive_last""}, ""routes"": {""smooth"": {""name"": ""moving_average"", ""params"": {""window"": 13}}}}}, ""holdout_weeks"": 13, ""alpha"": 0.5, ""clip_low"": 0.85, ""clip_high"": 1.2}",4,13,,Cycle 2A: trailing-ratio debias on cycle-1 router (predicted 0.555-0.575),0.5642102841920092,0.5387012478507435,-0.0255090363412657,9.294540721349954
7548b6e864,2026-08-28T21:32:31+00:00,global_lgbm,"{""n_anchors"": 24, ""lgb_params"": {""n_estimators"": 300, ""learning_rate"": 0.08, ""num_leaves"": 127, ""min_child_samples"": 50, ""tweedie_variance_power"": 1.2}}",4,13,,"Cycle 2C: global LightGBM Tweedie, lags/rolls/lifecycle/price/woy (predicted 0.48-0.54)",0.5622230039834015,0.5541693244687453,-0.0080536795146561,9.561420867962893
4248b74828,2026-08-28T22:14:49+00:00,chronos,"{""checkpoint"": ""amazon/chronos-bolt-base"", ""batch_size"": 256, ""quantile"": 0.5, ""point"": ""quantile"", ""device"": ""cpu""}",4,13,,"Cycle 3A (Stage 1): Chronos-Bolt base zero-shot, median quantile (memo predicted pooled 0.58-0.68, smooth 0.50-0.56)",0.5877570330934409,0.513369240599906,-0.0743877924935349,8.857472171971583
e8a11552ec,2026-08-28T22:32:18+00:00,timesfm,"{""checkpoint"": ""google/timesfm-2.5-200m-pytorch"", ""batch_size"": 128, ""max_context"": 512, ""max_horizon"": 64}",4,13,,Cycle 3B (Stage 1): TimesFM 2.5 200M zero-shot point forecast (memo predicted pooled 0.58-0.70; checkpoint swapped from 2.0-500m per memo's packaging clause - installed timesfm 2.0.2 only exposes the 2.5 API),0.651203267102744,0.46115723236442,-0.190046034738324,7.956626594530783
524453e7d8,2026-08-28T22:58:28+00:00,chronos,"{""checkpoint"": ""amazon/chronos-bolt-base"", ""batch_size"": 256, ""quantile"": 0.5, ""point"": ""mean"", ""device"": ""cpu""}",4,13,,"Cycle 4A (Stage 1): Chronos-Bolt base zero-shot, mean readout (memo predicted pooled 0.53-0.58, bias -2..+4%; parent 4248b74828)",0.5877570330934409,0.513369240599906,-0.0743877924935349,8.857472171971583
46df0bba04,2026-08-28T23:00:47+00:00,chronos,"{""checkpoint"": ""amazon/chronos-bolt-base"", ""batch_size"": 256, ""quantile"": 0.65, ""point"": ""quantile"", ""device"": ""cpu""}",4,13,,"Cycle 4B (Stage 1): Chronos-Bolt base zero-shot, quantile-0.65 readout (memo predicted pooled 0.53-0.59, bias -3..+3%; parent 4248b74828)",0.7223465298407004,0.5903280800642537,0.1320184497764466,10.185289900486294
828187da8a,2026-08-28T23:05:05+00:00,chronos,"{""checkpoint"": ""amazon/chronos-bolt-base"", ""batch_size"": 256, ""point"": ""qmean"", ""device"": ""cpu""}",4,13,,"Cycle 4A corrected (Stage 1): Chronos-Bolt trimmed-mean readout (average of 9 trained quantiles). Run 524453e7d8 (point=mean) was a no-op duplicate of 4248b74828 - the chronos package returns the median as 'mean' for Bolt (chronos_bolt.py predict_quantiles NOTE). This executes the memo's actual Option A mechanism (predicted pooled 0.53-0.58, bias -2..+4%)",0.5396448752283274,0.5368168052865082,-0.0028280699418192,9.2620272860828
d047d88915,2026-08-28T23:27:16+00:00,global_lgbm,"{""n_anchors"": 56, ""lgb_params"": {""n_estimators"": 300, ""learning_rate"": 0.08, ""num_leaves"": 127, ""min_child_samples"": 50, ""tweedie_variance_power"": 1.2}}",4,13,,"Cycle 5A (OFF-ROADMAP rival fix, human-approved): global LightGBM Tweedie with 56 anchor weeks - full seasonal cycle in the training matrix (memo predicted pooled 0.53-0.56, Jan bias +25% -> <+12%; parent 7548b6e864)",0.5428660573175887,0.4939082146387719,-0.0489578426788167,8.521699238464059
9ad032350c,2026-08-29T19:16:25+00:00,patchtst,"{""freq"": ""W-MON"", ""accelerator"": ""cpu"", ""distribution"": ""Poisson"", ""num_samples"": 1000, ""model_params"": {""input_size"": 64, ""patch_len"": 8, ""stride"": 8, ""max_steps"": 1500, ""hidden_size"": 128, ""n_heads"": 16, ""batch_size"": 256, ""windows_batch_size"": 1024, ""learning_rate"": 0.001, ""scaler_type"": ""robust"", ""random_seed"": 7}}",4,13,,"Cycle 6B (Stage 2): global PatchTST, Poisson DistributionLoss (retry after NB overflow crash in cycle 6, run n/a), no covariates, distribution-mean readout (memo 2026-08-29-cycle6b predicted pooled 0.52-0.62, lumpy bias |<10.5%|; parent 7548b6e864). Poisson verified stable on spiky real subsample incl. identity scaler where NB deterministically crashes. lr=1e-3 untuned. Env: neuralforecast==3.2.1, torch==2.13.0. Non-bitwise-reproducible (torch); seed=7, num_samples=1000.",0.6515545292257955,0.5807530721106792,0.0708014571151162,10.020086456672468
eb69d1a3bc,2026-08-30T00:42:01+00:00,nhits,"{""freq"": ""W-MON"", ""accelerator"": ""cpu"", ""distribution"": ""Poisson"", ""num_samples"": 1000, ""futr_exog"": [], ""hist_exog"": [], ""stat_exog"": [], ""model_params"": {""input_size"": 64, ""max_steps"": 1500, ""batch_size"": 256, ""windows_batch_size"": 1024, ""learning_rate"": 0.001, ""scaler_type"": ""robust"", ""random_seed"": 7}}",4,13,,"Cycle 7 baseline (Stage 2): global N-HiTS + Poisson, NO covariates — architecture-matched control for the covariate-value delta (memo 2026-08-29-cycle7; parent 7548b6e864). N-HiTS used because PatchTST is univariate-only. Covariate/model logic: src/models/deep.py sha1[:12]=e683abf7266e (config hash does NOT cover model code; valid only against this deep.py revision). Env: neuralforecast==3.2.1, torch==2.13.0; seed=7, num_samples=1000. Non-bitwise-reproducible (torch training + MC-mean readout) — report the OFF/ON delta relative to this jitter.",0.5677486719841665,0.5319576114484225,0.0357910605357439,9.178188655336704
e8987a9d2b,2026-08-30T00:48:49+00:00,nhits,"{""freq"": ""W-MON"", ""accelerator"": ""cpu"", ""distribution"": ""Poisson"", ""num_samples"": 1000, ""futr_exog"": [""woy"", ""month"", ""age""], ""hist_exog"": [""price"", ""price_chg4"", ""wsls""], ""stat_exog"": [""client"", ""warehouse""], ""model_params"": {""input_size"": 64, ""max_steps"": 1500, ""batch_size"": 256, ""windows_batch_size"": 1024, ""learning_rate"": 0.001, ""scaler_type"": ""robust"", ""random_seed"": 7}}",4,13,,"Cycle 7 treatment (Stage 2): global N-HiTS + Poisson WITH covariates (price ffill, price_chg4, wsls, woy, month, age, client, warehouse) — ONE change vs nhits_poisson.yaml: information ON. Tests ROADMAP 'what is that information worth' + the diagnosed phantom-demand driver (memo 2026-08-29-cycle7; parent 7548b6e864). Covariate/model logic: src/models/deep.py sha1[:12]=e683abf7266e (config hash does NOT cover model code; valid only against this deep.py revision). Env: neuralforecast==3.2.1, torch==2.13.0; seed=7, num_samples=1000. Non-bitwise-reproducible (torch training + MC-mean readout) — report the OFF/ON delta relative to this jitter.",0.9955896189491088,0.7304647659500597,0.2651248529990492,12.603153491330495
1bb3cb32c6,2026-08-30T17:21:37+00:00,blend,"{""models"": [{""name"": ""global_lgbm"", ""params"": {""n_anchors"": 56, ""lgb_params"": {""n_estimators"": 300, ""learning_rate"": 0.08, ""num_leaves"": 127, ""min_child_samples"": 50, ""tweedie_variance_power"": 1.2}}}, {""name"": ""chronos"", ""params"": {""checkpoint"": ""amazon/chronos-bolt-base"", ""batch_size"": 256, ""point"": ""qmean"", ""device"": ""cpu""}}], ""weights"": [0.5, 0.5]}",4,13,,"Cycle 9 (Stage 3 - the blend): 50/50 average of GBM-56 (d047d88915, lumpy bias -10.5%) and Chronos-Bolt qmean (828187da8a, lumpy bias +15.2%) via the leak-free blend composite. Weights PINNED 50/50 (untuned - a sweep is shopping). Mechanism: equal-and-opposite lumpy biases should cancel the R4-blocking lumpy bias no single model could fix, while keeping both models' January strength (0.497/0.730 vs champion 0.892). Parent champion 7548b6e864 (GBM-24, 0.5622). Zero new model code. Run with OMP_NUM_THREADS=1 KMP_DUPLICATE_LIB_OK=TRUE (libomp/torch OpenMP mitigation).",0.5191851162148546,0.4932921599045363,-0.025892956310318353,8.511070070930517
